date,pv_solar_system,charging_ev,thermal_solar,storage_batteries,wind_power,roi,scope1_emissions,scope2_emissions,scope3_emissions,impact_rate,esg_score,ip_status,emission_ev,recs,company_type,category,emission_type,emission_amount,carbon_offset,supplier_vendor,total_credits,green_energy_usage,total_cost,cost_saved_from_green_energy,wind_costs,electricity_costs,thermal_costs,solar_costs
11-01-2024,3102.67,942.67,Yes,1302.67,1358.67,29.89,732.67,2142.67,1802.67,87.67,102.78,Granted,818.67,62,Technology,residential,mobility_EV,338.67,24.78,Supplier A,338.67,5234.67,192.67,44.78,20.47,41.84,17.91,112.45
12-01-2024,3386.67,798.67,No,938.34,1278.34,34.67,793.67,1978.34,2018.67,98.78,111.34,Pending,738.34,57,Healthcare,commercial,logistics,582.34,17.34,Supplier D,582.34,7067.67,313.67,56.34,14.96,154.9,95.35,48.46
13-01-2024,3542.67,664.67,No,1002.34,1182.34,37.89,918.34,2198.67,1746.34,84.34,99.34,Pending,952.34,59,Healthcare,residential,heating,432.67,27.34,Supplier C,432.67,6321.67,234.67,47.34,29.06,187.24,9.94,8.43
14-01-2024,3272.67,888.34,Yes,1406.67,1238.67,32.89,762.67,2056.67,1838.67,90.67,105.89,Granted,828.34,63,Manufacturing,commercial,electricity,448.67,32.67,Supplier B,448.67,5478.34,204.67,46.67,130.69,65.56,4.1,4.32
15-01-2024,3102.67,932.67,Yes,1342.67,1296.67,30.34,738.67,2178.34,1708.67,82.78,97.34,Granted,842.34,63,Manufacturing,residential,heating,658.67,20.34,Supplier D,658.67,7745.67,344.67,69.34,306.33,10.92,14.71,12.71
16-01-2024,3254.67,876.67,Yes,1364.67,1308.67,31.67,753.67,2032.67,1852.34,90.67,106.45,Granted,832.67,62,Technology,commercial,electricity,428.67,29.67,Supplier B,428.67,5512.67,214.67,51.67,110.77,55.47,2.85,45.58
17-01-2024,3128.67,962.67,Yes,1308.67,1362.67,30.45,740.67,2166.67,1816.67,88.67,103.78,Granted,822.67,63,Technology,residential,logistics,348.67,25.78,Supplier D,348.67,5345.67,197.67,45.78,68.72,127.55,1.11,0.29
23-01-2024,3132.67,968.67,Yes,1302.67,1360.67,30.89,745.67,2190.67,1822.67,89.67,104.67,Granted,828.67,64,Technology,residential,mobility_EV,352.67,26.67,Supplier C,352.67,5389.67,199.67,46.67,177.18,4.42,6.08,11.99
24-01-2024,3412.67,832.67,No,962.67,1302.67,35.67,803.67,2006.67,2030.67,99.67,111.67,Pending,752.67,59,Healthcare,commercial,mobility_EV,596.67,19.34,Supplier E,596.67,7321.67,324.67,58.67,151.88,111.5,33.07,28.22
25-01-2024,3582.67,688.67,No,1022.67,1208.67,38.34,932.67,2216.67,1778.67,85.67,100.34,Pending,968.67,61,Healthcare,residential,heating,452.67,29.67,Supplier B,452.67,6678.67,245.67,49.67,170.12,7.46,12.31,55.78
26-01-2024,3322.67,922.67,Yes,1422.67,1256.67,33.67,772.67,2086.67,1852.67,92.67,107.89,Granted,842.67,65,Manufacturing,commercial,electricity,458.67,34.67,Supplier A,458.67,5621.67,213.67,48.67,190.2,14.47,0.91,8.09
27-01-2024,3128.67,952.67,Yes,1368.67,1314.67,31.67,748.67,2206.67,1740.67,84.67,99.34,Granted,862.67,66,Manufacturing,residential,heating,676.67,22.34,Supplier B,676.67,7989.67,356.67,71.67,276.61,1.5,72.41,6.15
28-01-2024,3292.67,898.67,Yes,1368.67,1312.67,32.67,758.67,2076.67,1872.67,92.34,108.45,Granted,842.67,64,Technology,commercial,heating,438.67,31.67,Supplier C,438.67,5656.67,219.67,53.67,139.98,53.96,7.96,17.77
29-01-2024,3156.67,972.67,Yes,1318.67,1366.67,31.34,753.67,2218.67,1838.67,90.67,105.78,Granted,832.67,65,Technology,residential,electricity,362.67,27.67,Supplier C,362.67,5489.67,202.67,47.78,164.4,27.44,6.25,4.58
30-01-2024,3428.67,838.67,No,978.67,1318.67,36.67,813.67,2022.67,2046.67,99.89,111.89,Pending,758.67,60,Healthcare,commercial,mobility_EV,606.67,19.89,Supplier C,606.67,7412.67,330.67,59.89,44.81,276.58,4.61,4.67
31-01-2024,3602.67,700.67,No,1042.67,1222.67,39.34,948.67,2230.67,1790.67,86.67,101.67,Pending,982.67,62,Healthcare,residential,heating,458.67,30.67,Supplier C,458.67,6789.67,250.67,50.67,24.56,139.1,48.92,38.09
01-02-2024,3346.67,938.67,Yes,1442.67,1270.67,34.67,782.67,2102.67,1872.67,93.67,109.89,Granted,852.67,66,Manufacturing,commercial,electricity,468.67,35.67,Supplier C,468.67,5756.67,219.67,49.67,79.26,69.24,27.26,43.91
02-02-2024,3162.67,962.67,Yes,1382.67,1322.67,32.67,758.67,2242.67,1762.67,85.67,100.34,Granted,872.67,67,Manufacturing,residential,logistics,686.67,23.34,Supplier C,686.67,8145.67,364.67,72.67,334.35,29.04,1.11,0.17
03-02-2024,3318.67,912.67,Yes,1378.67,1316.67,33.67,763.67,2102.67,1896.67,93.89,110.45,Granted,858.67,65,Technology,commercial,heating,448.67,32.67,Supplier C,448.67,5812.67,226.67,54.89,21.58,47.17,83.94,73.98
04-02-2024,3178.67,978.67,Yes,1324.67,1374.67,32.89,773.67,2266.67,1844.67,91.67,107.78,Granted,848.67,66,Technology,residential,electricity,372.67,28.78,Supplier C,372.67,5589.67,206.67,48.78,168.16,27.78,6.34,4.39
05-02-2024,3436.67,842.67,No,992.67,1326.67,37.67,823.67,2042.67,2072.67,100.67,112.67,Pending,768.67,61,Healthcare,commercial,logistics,622.67,20.67,Supplier B,622.67,7543.67,336.67,60.67,143.51,38.91,68.51,85.74
06-02-2024,3618.67,712.67,No,1062.67,1238.67,40.34,972.67,2268.67,1806.67,87.67,102.67,Pending,1008.67,63,Healthcare,residential,logistics,465.67,31.67,Supplier D,465.67,6989.67,256.67,51.67,112.22,52.9,0.39,91.16
07-02-2024,3352.67,952.67,Yes,1462.67,1282.67,35.67,798.67,2132.67,1898.67,94.67,110.89,Granted,862.67,67,Manufacturing,commercial,electricity,478.67,36.67,Supplier D,478.67,5856.67,223.67,50.67,44.37,177.4,0.29,1.61
08-02-2024,3182.67,978.67,Yes,1402.67,1388.67,33.67,768.67,2286.67,1866.67,92.67,108.34,Granted,878.67,68,Manufacturing,residential,electricity,706.67,24.34,Supplier D,706.67,8245.67,374.67,74.34,13.6,117.22,24.87,218.98
09-02-2024,3348.67,922.67,Yes,1396.67,1342.67,34.67,773.67,2126.67,1926.67,94.89,111.45,Granted,862.67,66,Technology,commercial,other,458.67,33.67,Supplier D,458.67,5921.67,229.67,55.89,214.98,12.02,2.05,0.62
10-02-2024,3198.67,992.67,Yes,1356.67,1394.67,32.89,778.67,2312.67,1888.67,92.67,108.78,Granted,852.67,67,Technology,residential,mobility_EV,382.67,29.78,Supplier A,382.67,5689.67,209.67,49.78,10.54,22.75,37.84,138.54
11-02-2024,3458.67,862.67,No,1002.67,1346.67,38.67,828.67,2062.67,2098.67,101.67,113.67,Pending,778.67,62,Healthcare,commercial,electricity,638.67,21.67,Supplier B,638.67,7678.67,344.67,61.67,34.26,303.96,0.31,6.14
12-02-2024,3638.67,724.67,No,1072.67,1258.67,41.34,992.67,2284.67,1822.67,88.67,103.67,Pending,1028.67,64,Healthcare,residential,logistics,475.67,32.67,Supplier B,475.67,7123.67,262.67,52.67,125.77,37.18,52.65,47.07
13-02-2024,3376.67,962.67,Yes,1482.67,1296.67,36.67,808.67,2162.67,1922.67,95.67,111.89,Granted,872.67,68,Manufacturing,commercial,logistics,488.67,37.67,Supplier B,488.67,5989.67,233.67,51.67,1.95,25.5,85.79,120.43
14-02-2024,3208.67,998.67,Yes,1428.67,1408.67,34.67,778.67,2332.67,1908.67,93.67,109.34,Granted,888.67,69,Manufacturing,residential,mobility_normal,726.67,25.34,Supplier B,726.67,8345.67,376.67,74.34,209.12,106.17,18.62,42.76
15-02-2024,3376.67,962.67,Yes,1462.67,1296.67,36.67,808.67,2162.67,1922.67,95.67,111.89,Granted,872.67,68,Manufacturing,commercial,heating,488.67,37.67,Supplier C,488.67,5989.67,233.67,51.67,193.05,0.24,20.32,20.06
16-02-2024,3208.67,998.67,Yes,1428.67,1408.67,34.67,778.67,2332.67,1908.67,93.67,109.34,Granted,888.67,69,Manufacturing,residential,logistics,726.67,25.34,Supplier A,726.67,8345.67,374.67,74.34,58.33,186.43,119.39,10.52
17-02-2024,3376.67,962.67,Yes,1462.67,1296.67,36.67,808.67,2162.67,1922.67,95.67,111.89,Granted,872.67,68,Manufacturing,commercial,heating,488.67,37.67,Supplier B,488.67,5989.67,233.67,51.67,232.52,0.13,0.67,0.35
18-02-2024,3208.67,998.67,Yes,1428.67,1408.67,34.67,778.67,2332.67,1908.67,93.67,109.34,Granted,888.67,69,Manufacturing,residential,heating,726.67,25.34,Supplier A,726.67,8345.67,374.67,74.34,345.31,6.53,15.32,7.51
19-02-2024,3376.67,962.67,Yes,1462.67,1296.67,36.67,808.67,2162.67,1922.67,95.67,111.89,Granted,872.67,68,Manufacturing,commercial,heating,488.67,37.67,Supplier C,488.67,5989.67,233.67,51.67,199.54,15.72,11.2,7.21
20-02-2024,3208.67,998.67,Yes,1428.67,1408.67,34.67,778.67,2332.67,1908.67,93.67,109.34,Granted,888.67,69,Manufacturing,residential,logistics,726.67,25.34,Supplier D,726.67,8345.67,374.67,74.34,12.28,199.27,42.76,120.36
21-02-2024,3376.67,962.67,Yes,1462.67,1296.67,36.67,808.67,2162.67,1922.67,95.67,111.89,Granted,872.67,68,Manufacturing,commercial,logistics,488.67,37.67,Supplier C,488.67,5989.67,233.67,51.67,124.7,35.3,65.61,8.06
22-02-2024,3208.67,998.67,Yes,1428.67,1408.67,34.67,778.67,2332.67,1908.67,93.67,109.34,Granted,888.67,69,Manufacturing,residential,mobility_EV,726.67,25.34,Supplier B,726.67,8345.67,374.67,74.34,4.36,191.19,50.66,128.46
23-02-2024,3376.67,962.67,Yes,1462.67,1296.67,36.67,808.67,2162.67,1922.67,95.67,111.89,Granted,872.67,68,Manufacturing,commercial,logistics,488.67,37.67,Supplier C,488.67,5989.67,233.67,51.67,161.35,60.01,6.95,5.36
24-02-2024,3208.67,998.67,Yes,1428.67,1408.67,34.67,778.67,2332.67,1908.67,93.67,109.34,Granted,888.67,69,Manufacturing,residential,mobility_EV,726.67,25.34,Supplier E,726.67,8345.67,374.67,74.34,362.23,2.28,5.96,4.2
25-02-2024,3376.67,962.67,Yes,1462.67,1296.67,36.67,808.67,2162.67,1922.67,95.67,111.89,Granted,872.67,68,Manufacturing,commercial,heating,488.67,37.67,Supplier B,488.67,5989.67,233.67,51.67,53.89,2.48,104.08,73.22
26-02-2024,3208.67,998.67,Yes,1428.67,1408.67,34.67,778.67,2332.67,1908.67,93.67,109.34,Granted,888.67,69,Manufacturing,residential,electricity,726.67,25.34,Supplier A,726.67,8345.67,374.67,74.34,82.03,291.58,0.03,1.03
27-02-2024,3376.67,962.67,Yes,1462.67,1296.67,36.67,808.67,2162.67,1922.67,95.67,111.89,Granted,872.67,68,Manufacturing,commercial,electricity,488.67,37.67,Supplier D,488.67,5989.67,233.67,51.67,87.55,92.21,3.51,50.4
28-02-2024,3208.67,998.67,Yes,1428.67,1408.67,34.67,778.67,2332.67,1908.67,93.67,109.34,Granted,888.67,69,Manufacturing,residential,heating,726.67,25.34,Supplier D,726.67,8345.67,374.67,74.34,324.19,21.21,4.63,24.64
29-02-2024,3376.67,962.67,Yes,1462.67,1296.67,36.67,808.67,2162.67,1922.67,95.67,111.89,Granted,872.67,68,Manufacturing,commercial,electricity,488.67,37.67,Supplier C,488.67,5989.67,233.67,51.67,1.76,187.14,17.74,27.03
01-03-2024,3228.67,912.67,Yes,1428.67,1338.67,34.67,758.67,2382.67,1898.67,92.67,108.34,Granted,892.67,70,Technology,residential,mobility_normal,392.67,30.67,Supplier D,392.67,6089.67,219.67,49.67,202.22,8.71,7.8,0.94
02-03-2024,3478.67,882.67,No,1018.67,1366.67,38.67,838.67,2082.67,2116.67,102.67,114.67,Pending,788.67,63,Healthcare,commercial,electricity,658.67,22.67,Supplier C,658.67,7798.67,354.67,62.67,282.23,33.02,35.57,3.85
03-03-2024,3658.67,744.67,No,1088.67,1278.67,41.34,1008.67,2304.67,1842.67,89.67,104.67,Pending,1048.67,65,Healthcare,residential,electricity,495.67,33.67,Supplier C,495.67,7243.67,268.67,53.67,55.43,54.88,11.79,146.57
04-03-2024,3392.67,982.67,Yes,1488.67,1310.67,37.67,818.67,2192.67,1952.67,96.67,112.89,Granted,892.67,70,Manufacturing,commercial,logistics,498.67,38.67,Supplier D,498.67,6056.67,243.67,52.67,134.6,53.04,4.31,51.72
05-03-2024,3228.67,1018.67,Yes,1468.67,1428.67,35.67,788.67,2442.67,1938.67,94.67,110.34,Granted,908.67,71,Manufacturing,residential,logistics,746.67,26.34,Supplier F,746.67,8445.67,384.67,76.34,17.2,64.18,234.25,69.04
06-03-2024,3396.67,982.67,Yes,1462.67,1328.67,37.67,818.67,2212.67,1986.67,96.89,113.45,Granted,898.67,69,Technology,commercial,mobility_EV,488.67,35.67,Supplier D,488.67,6121.67,249.67,57.89,214.57,8.49,20.98,5.63
07-03-2024,3248.67,1012.67,Yes,1428.67,1434.67,35.89,798.67,2462.67,1968.67,94.67,109.78,Granted,908.67,72,Technology,residential,logistics,412.67,31.67,Supplier A,412.67,6189.67,229.67,53.67,38.56,153.69,18.79,18.63
08-03-2024,3498.67,892.67,No,1028.67,1376.67,39.67,858.67,2102.67,2144.67,103.67,115.67,Pending,808.67,64,Healthcare,commercial,logistics,678.67,23.67,Supplier B,678.67,7912.67,364.67,63.67,36.73,69.18,255.54,3.22
09-03-2024,3678.67,754.67,No,1098.67,1288.67,42.34,1028.67,2324.67,1882.67,90.67,105.67,Pending,1068.67,66,Healthcare,residential,heating,515.67,35.67,Supplier A,515.67,7345.67,280.67,55.67,105.82,122.86,6.37,45.62
10-03-2024,3412.67,1002.67,Yes,1498.67,1330.67,38.67,838.67,2222.67,2012.67,97.67,113.89,Granted,912.67,71,Manufacturing,commercial,logistics,508.67,39.67,Supplier F,508.67,6189.67,253.67,54.67,106.91,145.37,1.31,0.08
02-01-2024,3123.62,970.43,Yes,1279.69,1358.11,28.92,689.98,2113.32,1766.97,75.15,99.44,Granted,834.57,57,Real Estate,Personal,heating,272.73,19.17,Supplier A,650.49,3028.27,106.92,56.24,74.68,18.39,5.03,8.82
03-01-2024,3199.58,428,No,866.36,1273.64,35.7,779.71,2162.81,1973.93,92.84,108.75,Granted,856.63,55,Real Estate,Company,logistics,425.32,29.27,Supplier B,187.9,5736.93,232.05,36.1,13.74,132.68,27.55,58.08
04-01-2024,3485.53,420.63,No,891.06,1109.34,35.11,982.64,1887.15,1954.16,98.42,116.36,Granted,905.57,55,Real Estate,Personal,mobility_EV,568.75,14.42,Supplier A,568.75,6844.69,353.36,67.37,322.09,12.32,11.93,7.02
22-03-2024,3271.67,992.67,Yes,1330.67,1392.67,31.67,758.67,2276.67,1814.67,90.67,105.34,Granted,838.67,66,Manufacturing,Personal,mobility_EV,672.67,26.34,Supplier E,672.67,8245.67,378.67,76.34,131.62,149.78,26.37,70.9
23-03-2024,3436.67,1028.67,Yes,1342.67,1408.67,31.67,758.67,2342.67,1834.67,92.67,107.34,Granted,845.67,67,Manufacturing,Personal,mobility_EV,678.67,27.34,Supplier A,678.67,8345.67,384.67,77.34,275.49,11.42,43.88,53.88
24-03-2024,3526.67,998.67,Yes,1346.67,1412.67,31.67,758.67,2356.67,1842.67,93.67,108.34,Granted,852.67,68,Manufacturing,Personal,electricity,682.67,28.34,Supplier C,682.67,8445.67,390.67,78.34,313.05,70.5,0.21,6.91
25-03-2024,3616.67,968.67,Yes,1350.67,1416.67,31.67,758.67,2372.67,1852.67,94.67,109.34,Granted,858.67,69,Manufacturing,Personal,logistics,688.67,29.34,Supplier C,688.67,8545.67,396.67,79.34,371,2.69,5.81,17.17
26-03-2024,3706.67,938.67,Yes,1354.67,1420.67,31.67,758.67,2386.67,1860.67,95.67,110.34,Granted,865.67,70,Manufacturing,Personal,mobility_EV,692.67,30.34,Supplier A,692.67,8645.67,402.67,80.34,369.21,27.99,4.66,0.81
27-03-2024,3796.67,908.67,Yes,1358.67,1424.67,31.67,758.67,2402.67,1870.67,96.67,111.34,Granted,872.67,71,Manufacturing,Personal,heating,698.67,31.34,Supplier B,698.67,8745.67,408.67,81.34,283.42,20.59,1.63,103.03
28-03-2024,3886.67,878.67,Yes,1362.67,1428.67,31.67,758.67,2418.67,1880.67,97.67,112.34,Granted,878.67,72,Manufacturing,Personal,electricity,702.67,32.34,Supplier C,702.67,8845.67,414.67,82.34,0.12,156.81,114.62,143.12
29-03-2024,3976.67,848.67,Yes,1366.67,1432.67,31.67,758.67,2434.67,1890.67,98.67,113.34,Granted,885.67,73,Manufacturing,Personal,logistics,708.67,33.34,Supplier D,708.67,8945.67,420.67,83.34,370.86,41.19,4.93,3.69
30-03-2024,4066.67,818.67,Yes,1370.67,1436.67,31.67,758.67,2450.67,1900.67,99.67,114.34,Granted,892.67,74,Manufacturing,Personal,mobility_EV,712.67,34.34,Supplier C,712.67,9045.67,426.67,84.34,194.67,128.13,91.17,12.7
31-03-2024,4156.67,788.67,Yes,1374.67,1440.67,31.67,758.67,2466.67,1910.67,100.67,115.34,Granted,898.67,75,Manufacturing,Personal,logistics,718.67,35.34,Supplier E,718.67,9145.67,432.67,85.34,251.5,106.81,65.77,8.59
01-04-2024,3242.67,968.67,Yes,1378.67,1444.67,31.67,758.67,2482.67,1920.67,101.67,116.34,Granted,905.67,76,Manufacturing,Personal,electricity,722.67,36.34,Supplier E,722.67,9245.67,438.67,86.34,269.02,127.42,9.96,32.27
02-04-2024,4236.67,758.67,Yes,1382.67,1448.67,31.67,758.67,2498.67,1930.67,102.67,117.34,Granted,912.67,77,Manufacturing,Personal,heating,728.67,37.34,Supplier B,728.67,9345.67,444.67,87.34,392.02,43.89,4.29,4.47
03-04-2024,4326.67,728.67,Yes,1386.67,1452.67,31.67,758.67,2514.67,1940.67,103.67,118.34,Granted,918.67,78,Manufacturing,Personal,mobility_EV,732.67,38.34,Supplier A,732.67,9445.67,450.67,88.34,53.75,241.13,128.23,27.56
04-04-2024,4416.67,698.67,Yes,1390.67,1456.67,31.67,758.67,2530.67,1950.67,104.67,119.34,Granted,925.67,79,Manufacturing,Personal,other,738.67,39.34,Supplier B,738.67,9545.67,456.67,89.34,223.87,101.05,67.24,64.51
23-05-2024,3210.67,1022.67,Yes,1326.67,1386.67,31.67,758.67,2260.67,1800.67,89.67,104.34,Granted,832.67,65,Manufacturing,Personal,heating,668.67,25.34,Supplier B,668.67,8145.67,372.67,75.34,189.55,6.27,72.89,103.96
24-05-2024,3300.67,992.67,Yes,1330.67,1390.67,31.67,758.67,2276.67,1810.67,90.67,105.34,Granted,838.67,66,Manufacturing,Personal,logistics,672.67,26.34,Supplier E,672.67,8245.67,378.67,76.34,31.45,279.73,39.88,27.61
25-05-2024,3390.67,962.67,Yes,1334.67,1394.67,31.67,758.67,2292.67,1820.67,91.67,106.34,Granted,845.67,67,Manufacturing,Personal,heating,678.67,27.34,Supplier A,678.67,8345.67,384.67,77.34,195.93,74.9,50.71,63.13
26-05-2024,3480.67,932.67,Yes,1338.67,1398.67,31.67,758.67,2308.67,1830.67,92.67,107.34,Granted,852.67,68,Manufacturing,Personal,mobility_EV,682.67,28.34,Supplier B,682.67,8445.67,390.67,78.34,170.13,27.14,190.74,2.66
27-05-2024,3570.67,902.67,Yes,1342.67,1402.67,31.67,758.67,2324.67,1840.67,93.67,108.34,Granted,858.67,69,Manufacturing,Personal,logistics,688.67,29.34,Supplier C,688.67,8545.67,396.67,79.34,78.77,132.99,53.14,131.77
28-05-2024,3660.67,872.67,Yes,1346.67,1406.67,31.67,758.67,2340.67,1850.67,94.67,109.34,Granted,865.67,70,Manufacturing,Personal,logistics,692.67,30.34,Supplier B,692.67,8645.67,402.67,80.34,373.04,11.07,12.01,6.55
29-05-2024,3750.67,842.67,Yes,1350.67,1410.67,31.67,758.67,2356.67,1860.67,95.67,110.34,Granted,872.67,71,Manufacturing,Personal,logistics,698.67,31.34,Supplier C,698.67,8745.67,408.67,81.34,141.73,249.59,8.05,9.3
30-05-2024,3840.67,812.67,Yes,1354.67,1414.67,31.67,758.67,2372.67,1870.67,96.67,111.34,Granted,878.67,72,Manufacturing,Personal,logistics,702.67,32.34,Supplier D,702.67,8845.67,414.67,82.34,163.9,240.2,2.39,8.18
31-05-2024,3930.67,782.67,Yes,1358.67,1418.67,31.67,758.67,2388.67,1880.67,97.67,112.34,Granted,885.67,73,Manufacturing,Personal,heating,708.67,33.34,Supplier E,708.67,8945.67,420.67,83.34,44.18,359.13,6.34,11.02
01-06-2024,4020.67,752.67,Yes,1362.67,1422.67,31.67,758.67,2404.67,1890.67,98.67,113.34,Granted,892.67,74,Manufacturing,Personal,logistics,712.67,34.34,Supplier B,712.67,9045.67,426.67,84.34,114.64,12.96,42.33,256.74
02-06-2024,4110.67,722.67,Yes,1366.67,1426.67,31.67,758.67,2420.67,1900.67,99.67,114.34,Granted,898.67,75,Manufacturing,Personal,logistics,718.67,35.34,Supplier D,718.67,9145.67,432.67,85.34,406.01,2.15,0.98,23.53
03-06-2024,4200.67,692.67,Yes,1370.67,1430.67,31.67,758.67,2436.67,1910.67,100.67,115.34,Granted,905.67,76,Manufacturing,Personal,electricity,722.67,36.34,Supplier A,722.67,9245.67,438.67,86.34,409.52,6.94,1.88,20.33
04-06-2024,4290.67,662.67,Yes,1374.67,1434.67,31.67,758.67,2452.67,1920.67,101.67,116.34,Granted,912.67,77,Manufacturing,Personal,heating,728.67,37.34,Supplier B,728.67,9345.67,444.67,87.34,351.96,46.37,7.38,38.96
05-06-2024,4380.67,632.67,Yes,1378.67,1438.67,31.67,758.67,2468.67,1930.67,102.67,117.34,Granted,918.67,78,Manufacturing,Personal,logistics,732.67,38.34,Supplier A,732.67,9445.67,450.67,88.34,166.78,82.99,54.83,146.07
06-06-2024,4470.67,602.67,Yes,1382.67,1442.67,31.67,758.67,2484.67,1940.67,103.67,118.34,Granted,925.67,79,Manufacturing,Personal,heating,738.67,39.34,Supplier C,738.67,9545.67,456.67,89.34,361.62,27.79,30.87,36.39
07-06-2024,3246.67,1032.67,Yes,1322.67,1382.67,31.67,758.67,2294.67,1804.67,90.67,105.34,Granted,832.67,65,Manufacturing,Personal,logistics,668.67,25.34,Supplier B,668.67,8145.67,372.67,75.34,156.03,124.07,74.12,18.45
08-06-2024,3336.67,1002.67,Yes,1326.67,1386.67,31.67,758.67,2310.67,1814.67,91.67,106.34,Granted,838.67,66,Manufacturing,Personal,logistics,672.67,26.34,Supplier D,672.67,8245.67,378.67,76.34,374.81,0.21,2.11,1.54
09-06-2024,3426.67,972.67,Yes,1330.67,1390.67,31.67,758.67,2326.67,1824.67,92.67,107.34,Granted,845.67,67,Manufacturing,Personal,logistics,678.67,27.34,Supplier A,678.67,8345.67,384.67,77.34,122.97,232.67,5.97,23.06
10-06-2024,3516.67,942.67,Yes,1334.67,1394.67,31.67,758.67,2342.67,1834.67,93.67,108.34,Granted,852.67,68,Manufacturing,Personal,heating,682.67,28.34,Supplier D,682.67,8445.67,390.67,78.34,63.65,192.68,94.3,40.04
11-06-2024,3606.67,912.67,Yes,1338.67,1398.67,31.67,758.67,2358.67,1844.67,94.67,109.34,Granted,858.67,69,Manufacturing,Personal,logistics,688.67,29.34,Supplier C,688.67,8545.67,396.67,79.34,235.94,25.53,88.32,46.88
12-06-2024,3696.67,882.67,Yes,1342.67,1402.67,31.67,758.67,2374.67,1854.67,95.67,110.34,Granted,865.67,70,Manufacturing,Personal,mobility_EV,692.67,30.34,Supplier C,692.67,8645.67,402.67,80.34,140.85,60.18,27.54,174.1
13-06-2024,3786.67,852.67,Yes,1346.67,1406.67,31.67,758.67,2390.67,1864.67,96.67,111.34,Granted,872.67,71,Manufacturing,Personal,other,698.67,31.34,Supplier C,698.67,8745.67,408.67,81.34,153.41,199.96,50.13,5.17
14-06-2024,3876.67,822.67,Yes,1350.67,1410.67,31.67,758.67,2406.67,1874.67,97.67,112.34,Granted,878.67,72,Manufacturing,Personal,electricity,702.67,32.34,Supplier D,702.67,8845.67,414.67,82.34,305.39,5.9,56.33,47.05
15-06-2024,3966.67,792.67,Yes,1354.67,1414.67,31.67,758.67,2422.67,1884.67,98.67,113.34,Granted,885.67,73,Manufacturing,Personal,heating,708.67,33.34,Supplier F,708.67,8945.67,420.67,83.34,121.56,216.92,20.4,61.79
16-06-2024,4056.67,762.67,Yes,1358.67,1418.67,31.67,758.67,2438.67,1894.67,99.67,114.34,Granted,892.67,74,Manufacturing,Personal,logistics,712.67,34.34,Supplier D,712.67,9045.67,426.67,84.34,366.46,50.55,4.23,5.43
17-06-2024,4146.67,732.67,Yes,1362.67,1422.67,31.67,758.67,2454.67,1904.67,100.67,115.34,Granted,898.67,75,Manufacturing,Personal,electricity,718.67,35.34,Supplier A,718.67,9145.67,432.67,85.34,205.64,47.48,70.14,109.41
18-06-2024,4236.67,702.67,Yes,1366.67,1426.67,31.67,758.67,2470.67,1914.67,101.67,116.34,Granted,905.67,76,Manufacturing,Personal,mobility_EV,722.67,36.34,Supplier D,722.67,9245.67,438.67,86.34,311.18,1.12,113.49,12.88
19-06-2024,4326.67,672.67,Yes,1370.67,1430.67,31.67,758.67,2486.67,1924.67,102.67,117.34,Granted,912.67,77,Manufacturing,Personal,heating,728.67,37.34,Supplier E,728.67,9345.67,444.67,87.34,33.36,269.22,83.8,58.29
20-06-2024,4416.67,642.67,Yes,1374.67,1434.67,31.67,758.67,2502.67,1934.67,103.67,118.34,Granted,918.67,78,Manufacturing,Personal,heating,732.67,38.34,Supplier C,732.67,9445.67,450.67,88.34,299.07,76.12,9.75,65.73
21-06-2024,4506.67,612.67,Yes,1378.67,1438.67,31.67,758.67,2518.67,1944.67,104.67,119.34,Granted,925.67,79,Manufacturing,Personal,heating,738.67,39.34,Supplier B,738.67,9545.67,456.67,89.34,31.85,138.54,257.59,28.69
01-08-2024,3696.67,912.67,Yes,1338.67,1398.67,31.67,758.67,2358.67,1844.67,94.67,109.34,Granted,858.67,69,Manufacturing,Personal,heating,688.67,29.34,Supplier D,688.67,8545.67,396.67,79.34,337.56,47.15,6.14,5.82
02-08-2024,3786.67,882.67,Yes,1342.67,1402.67,31.67,758.67,2374.67,1854.67,95.67,110.34,Granted,865.67,70,Manufacturing,Personal,logistics,692.67,30.34,Supplier B,692.67,8645.67,402.67,80.34,163.23,66.75,127.24,45.45
03-08-2024,3876.67,852.67,Yes,1346.67,1406.67,31.67,758.67,2390.67,1864.67,96.67,111.34,Granted,872.67,71,Manufacturing,Personal,logistics,698.67,31.34,Supplier C,698.67,8745.67,408.67,81.34,335.45,56.91,8.91,7.4
04-08-2024,3966.67,822.67,Yes,1350.67,1410.67,31.67,758.67,2406.67,1874.67,97.67,112.34,Granted,878.67,72,Manufacturing,Personal,heating,702.67,32.34,Supplier B,702.67,8845.67,414.67,82.34,239.03,25.88,109.51,40.25
05-08-2024,4056.67,792.67,Yes,1354.67,1414.67,31.67,758.67,2422.67,1884.67,98.67,113.34,Granted,885.67,73,Manufacturing,Personal,heating,708.67,33.34,Supplier D,708.67,8945.67,420.67,83.34,321.32,89.76,5.73,3.86
06-08-2024,4146.67,762.67,Yes,1358.67,1418.67,31.67,758.67,2438.67,1894.67,99.67,114.34,Granted,892.67,74,Manufacturing,Personal,mobility_normal,712.67,34.34,Supplier B,712.67,9045.67,426.67,84.34,333.4,26.18,52.72,14.37
07-08-2024,4236.67,732.67,Yes,1362.67,1422.67,31.67,758.67,2454.67,1904.67,100.67,115.34,Granted,898.67,75,Manufacturing,Personal,mobility_normal,718.67,35.34,Supplier C,718.67,9145.67,432.67,85.34,124.18,69.96,89.6,148.93
08-08-2024,4326.67,702.67,Yes,1366.67,1426.67,31.67,758.67,2470.67,1914.67,101.67,116.34,Granted,905.67,76,Manufacturing,Personal,mobility_EV,722.67,36.34,Supplier D,722.67,9245.67,438.67,86.34,419.47,15.06,3.11,1.03
09-08-2024,4416.67,672.67,Yes,1370.67,1430.67,31.67,758.67,2486.67,1924.67,102.67,117.34,Granted,912.67,77,Manufacturing,Personal,mobility_EV,728.67,37.34,Supplier C,728.67,9345.67,444.67,87.34,71.3,200.12,27.25,146
10-08-2024,4506.67,642.67,Yes,1374.67,1434.67,31.67,758.67,2502.67,1934.67,103.67,118.34,Granted,918.67,78,Manufacturing,Personal,heating,732.67,38.34,Supplier C,732.67,9445.67,450.67,88.34,249.98,51,93.53,56.16
11-08-2024,4596.67,612.67,Yes,1378.67,1438.67,31.67,758.67,2518.67,1944.67,104.67,119.34,Granted,925.67,79,Manufacturing,Personal,electricity,738.67,39.34,Supplier C,738.67,9545.67,456.67,89.34,67.05,0.29,58.67,330.66
06-09-2024,3606.67,942.67,Yes,1338.67,1398.67,31.67,758.67,2358.67,1844.67,94.67,109.34,Granted,858.67,69,Manufacturing,Personal,mobility_EV,688.67,29.34,Supplier D,688.67,8545.67,396.67,79.34,36.82,165.75,46.2,147.9
07-09-2024,3696.67,912.67,Yes,1342.67,1402.67,31.67,758.67,2374.67,1854.67,95.67,110.34,Granted,865.67,70,Manufacturing,Personal,heating,692.67,30.34,Supplier C,692.67,8645.67,402.67,80.34,271.85,53.75,28.86,48.21
08-09-2024,3786.67,882.67,Yes,1346.67,1406.67,31.67,758.67,2390.67,1864.67,96.67,111.34,Granted,872.67,71,Manufacturing,Personal,logistics,698.67,31.34,Supplier B,698.67,8745.67,408.67,81.34,136.62,57.76,195.36,18.93
09-09-2024,3876.67,852.67,Yes,1350.67,1410.67,31.67,758.67,2406.67,1874.67,97.67,112.34,Granted,878.67,72,Manufacturing,Personal,logistics,702.67,32.34,Supplier D,702.67,8845.67,414.67,82.34,225.58,166.78,18.6,3.71
10-09-2024,3966.67,822.67,Yes,1354.67,1414.67,31.67,758.67,2422.67,1884.67,98.67,113.34,Granted,885.67,73,Manufacturing,Personal,logistics,708.67,33.34,Supplier B,708.67,8945.67,420.67,83.34,318.81,64.79,30.37,6.7
11-09-2024,4056.67,792.67,Yes,1358.67,1418.67,31.67,758.67,2438.67,1894.67,99.67,114.34,Granted,892.67,74,Manufacturing,Personal,logistics,712.67,34.34,Supplier C,712.67,9045.67,426.67,84.34,57.44,334.18,6.32,28.73
12-09-2024,4146.67,762.67,Yes,1362.67,1422.67,31.67,758.67,2454.67,1904.67,100.67,115.34,Granted,898.67,75,Manufacturing,Personal,electricity,718.67,35.34,Supplier B,718.67,9145.67,432.67,85.34,221.75,150.38,27.25,33.29
13-09-2024,4236.67,732.67,Yes,1366.67,1426.67,31.67,758.67,2470.67,1914.67,101.67,116.34,Granted,905.67,76,Manufacturing,Personal,logistics,722.67,36.34,Supplier D,722.67,9245.67,438.67,86.34,173.79,44.06,18.61,202.21
14-09-2024,4326.67,702.67,Yes,1370.67,1430.67,31.67,758.67,2486.67,1924.67,102.67,117.34,Granted,912.67,77,Manufacturing,Personal,mobility_EV,728.67,37.34,Supplier C,728.67,9345.67,444.67,87.34,255.63,165.86,2.67,20.51
15-09-2024,4416.67,672.67,Yes,1374.67,1434.67,31.67,758.67,2502.67,1934.67,103.67,118.34,Granted,918.67,78,Manufacturing,Personal,mobility_EV,732.67,38.34,Supplier C,732.67,9445.67,450.67,88.34,153.97,253.67,31.77,11.26
16-09-2024,4506.67,642.67,Yes,1378.67,1438.67,31.67,758.67,2518.67,1944.67,104.67,119.34,Granted,925.67,79,Manufacturing,Personal,heating,738.67,39.34,Supplier C,738.67,9545.67,456.67,89.34,220.23,42.5,173.67,20.27
17-09-2024,4596.67,612.67,Yes,1378.67,1438.67,31.67,758.67,2518.67,1944.67,104.67,119.34,Granted,925.67,79,Manufacturing,Personal,logistics,738.67,39.34,Supplier C,738.67,9545.67,456.67,89.34,189.29,21.66,163.54,82.18
18-09-2024,3246.67,1032.67,Yes,1322.67,1382.67,31.67,758.67,2294.67,1804.67,90.67,105.34,Granted,832.67,65,Manufacturing,Personal,mobility_EV,668.67,25.34,Supplier D,668.67,8145.67,372.67,75.34,213.92,82.85,35.96,39.94
19-09-2024,3336.67,1002.67,Yes,1326.67,1386.67,31.67,758.67,2310.67,1814.67,91.67,106.34,Granted,838.67,66,Manufacturing,Personal,heating,672.67,26.34,Supplier C,672.67,8245.67,378.67,76.34,79.52,228.4,52.65,18.1
20-09-2024,3426.67,972.67,Yes,1330.67,1390.67,31.67,758.67,2326.67,1824.67,92.67,107.34,Granted,845.67,67,Manufacturing,Personal,logistics,678.67,27.34,Supplier C,678.67,8345.67,384.67,77.34,203.89,125.83,36.54,18.41
21-09-2024,3516.67,942.67,Yes,1334.67,1394.67,31.67,758.67,2342.67,1834.67,93.67,108.34,Granted,852.67,68,Manufacturing,Personal,heating,682.67,28.34,Supplier E,682.67,8445.67,390.67,78.34,304.48,80.21,3.49,2.49
22-09-2024,3606.67,912.67,Yes,1338.67,1398.67,31.67,758.67,2358.67,1844.67,94.67,109.34,Granted,858.67,69,Manufacturing,Personal,mobility_normal,688.67,29.34,Supplier B,688.67,8545.67,396.67,79.34,63.07,143.53,5.75,184.32
23-09-2024,3696.67,882.67,Yes,1342.67,1402.67,31.67,758.67,2374.67,1854.67,95.67,110.34,Granted,865.67,70,Manufacturing,Personal,heating,692.67,30.34,Supplier D,692.67,8645.67,402.67,80.34,32.51,224.02,100.05,46.09
24-09-2024,3786.67,852.67,Yes,1346.67,1406.67,31.67,758.67,2390.67,1864.67,96.67,111.34,Granted,872.67,71,Manufacturing,Personal,logistics,698.67,31.34,Supplier A,698.67,8745.67,408.67,81.34,356.13,47.61,0.14,4.79
25-09-2024,3876.67,822.67,Yes,1350.67,1410.67,31.67,758.67,2406.67,1874.67,97.67,112.34,Granted,878.67,72,Manufacturing,Personal,mobility_EV,702.67,32.34,Supplier B,702.67,8845.67,414.67,82.34,343.72,9.05,50.24,11.66
26-09-2024,3966.67,792.67,Yes,1354.67,1414.67,31.67,758.67,2422.67,1884.67,98.67,113.34,Granted,885.67,73,Manufacturing,Personal,heating,708.67,33.34,Supplier C,708.67,8945.67,420.67,83.34,418.56,1.22,0.25,0.64
27-09-2024,4056.67,762.67,Yes,1358.67,1418.67,31.67,758.67,2438.67,1894.67,99.67,114.34,Granted,892.67,74,Manufacturing,Personal,electricity,712.67,34.34,Supplier B,712.67,9045.67,426.67,84.34,11.95,95.67,19.46,299.59
28-09-2024,4146.67,732.67,Yes,1362.67,1422.67,31.67,758.67,2454.67,1904.67,100.67,115.34,Granted,898.67,75,Manufacturing,Personal,logistics,718.67,35.34,Supplier E,718.67,9145.67,432.67,85.34,141,118.23,130.12,43.32
29-09-2024,4236.67,702.67,Yes,1366.67,1426.67,31.67,758.67,2470.67,1914.67,101.67,116.34,Granted,905.67,76,Manufacturing,Personal,logistics,722.67,36.34,Supplier D,722.67,9245.67,438.67,86.34,210.63,108.12,30.92,89
30-09-2024,4326.67,672.67,Yes,1370.67,1430.67,31.67,758.67,2486.67,1924.67,102.67,117.34,Granted,912.67,77,Manufacturing,Personal,mobility_EV,728.67,37.34,Supplier C,728.67,9345.67,444.67,87.34,355.37,54.42,4.53,30.35
01-10-2024,4416.67,642.67,Yes,1374.67,1434.67,31.67,758.67,2502.67,1934.67,103.67,118.34,Granted,918.67,78,Manufacturing,Personal,logistics,732.67,38.34,Supplier A,732.67,9445.67,450.67,88.34,381.14,41.83,9.99,17.71
02-10-2024,4506.67,612.67,Yes,1378.67,1438.67,31.67,758.67,2518.67,1944.67,104.67,119.34,Granted,925.67,79,Manufacturing,Personal,heating,738.67,39.34,Supplier B,738.67,9545.67,456.67,89.34,420.34,19.65,14.5,2.18
03-10-2024,4596.67,582.67,Yes,1382.67,1442.67,31.67,758.67,2534.67,1954.67,105.67,120.34,Granted,932.67,80,Manufacturing,Personal,logistics,742.67,40.34,Supplier D,742.67,9645.67,462.67,90.34,214.89,216.81,24.53,6.44
04-10-2024,4686.67,552.67,Yes,1386.67,1446.67,31.67,758.67,2550.67,1964.67,106.67,121.34,Granted,938.67,81,Manufacturing,Personal,heating,748.67,41.34,Supplier C,748.67,9745.67,468.67,91.34,467.57,0.23,0.12,0.75
05-10-2024,4776.67,522.67,Yes,1390.67,1450.67,31.67,758.67,2566.67,1974.67,107.67,122.34,Granted,945.67,82,Manufacturing,Personal,mobility_normal,752.67,42.34,Supplier C,752.67,9845.67,474.67,92.34,330.25,85.64,57.57,1.21
06-10-2024,4866.67,492.67,Yes,1394.67,1454.67,31.67,758.67,2582.67,1984.67,108.67,123.34,Granted,952.67,83,Manufacturing,Personal,logistics,758.67,43.34,Supplier D,758.67,9945.67,480.67,93.34,187.84,17.85,81.22,193.76
07-10-2024,4956.67,462.67,Yes,1398.67,1458.67,31.67,758.67,2598.67,1994.67,109.67,124.34,Granted,958.67,84,Manufacturing,Personal,heating,762.67,44.34,Supplier D,762.67,10045.67,486.67,94.34,130.81,200.1,23.91,131.85
08-10-2024,5046.67,432.67,Yes,1402.67,1462.67,31.67,758.67,2614.67,2004.67,110.67,125.34,Granted,965.67,85,Manufacturing,Personal,logistics,768.67,45.34,Supplier C,768.67,10145.67,492.67,95.34,345.62,140.46,5.03,1.56
09-10-2024,5136.67,402.67,Yes,1406.67,1466.67,31.67,758.67,2630.67,2014.67,111.67,126.34,Granted,972.67,86,Manufacturing,Personal,logistics,772.67,46.34,Supplier A,772.67,10245.67,498.67,96.34,487.21,1.45,0.64,9.37
10-10-2024,5226.67,372.67,Yes,1410.67,1470.67,31.67,758.67,2646.67,2024.67,112.67,127.34,Granted,978.67,87,Manufacturing,Personal,mobility_normal,778.67,47.34,Supplier C,778.67,10345.67,504.67,97.34,192.23,166.75,90.86,54.83
11-10-2024,5316.67,342.67,Yes,1414.67,1474.67,31.67,758.67,2662.67,2034.67,113.67,128.34,Granted,985.67,88,Manufacturing,Personal,heating,782.67,48.34,Supplier E,782.67,10445.67,510.67,98.34,487.76,5.21,3.66,14.04
12-10-2024,5406.67,312.67,Yes,1418.67,1478.67,31.67,758.67,2678.67,2044.67,114.67,129.34,Granted,992.67,89,Manufacturing,Personal,electricity,788.67,49.34,Supplier C,788.67,10545.67,516.67,99.34,282.18,123.62,14.7,96.17
13-10-2024,5496.67,282.67,Yes,1422.67,1482.67,31.67,758.67,2694.67,2054.67,115.67,130.34,Granted,998.67,90,Manufacturing,Personal,mobility_EV,792.67,50.34,Supplier D,792.67,10645.67,522.67,100.34,4.98,336.7,177.5,3.49
14-10-2024,5586.67,252.67,Yes,1426.67,1486.67,31.67,758.67,2710.67,2064.67,116.67,131.34,Granted,1005.67,91,Manufacturing,Personal,heating,798.67,51.34,Supplier D,798.67,10745.67,528.67,101.34,435.91,56.2,3.73,32.83
15-10-2024,5676.67,222.67,Yes,1430.67,1490.67,31.67,758.67,2726.67,2074.67,117.67,132.34,Granted,1012.67,92,Manufacturing,Personal,heating,802.67,52.34,Supplier A,802.67,10845.67,534.67,102.34,103.6,157.52,157.04,116.51
16-10-2024,5766.67,192.67,Yes,1434.67,1494.67,31.67,758.67,2742.67,2084.67,118.67,133.34,Granted,1018.67,93,Manufacturing,Personal,heating,808.67,53.34,Supplier C,808.67,10945.67,540.67,103.34,369.54,132.17,1.6,37.36
17-10-2024,5856.67,162.67,Yes,1438.67,1498.67,31.67,758.67,2758.67,2094.67,119.67,134.34,Granted,1025.67,94,Manufacturing,Personal,heating,812.67,54.34,Supplier A,812.67,11045.67,546.67,104.34,148.19,128.19,75.8,194.49
18-10-2024,5946.67,132.67,Yes,1442.67,1502.67,31.67,758.67,2774.67,2104.67,120.67,135.34,Granted,1032.67,95,Manufacturing,Personal,mobility_EV,818.67,55.34,Supplier A,818.67,11145.67,552.67,105.34,297.65,22.5,1.26,231.26
19-10-2024,6036.67,102.67,Yes,1446.67,1506.67,31.67,758.67,2790.67,2114.67,121.67,136.34,Granted,1038.67,96,Manufacturing,Personal,heating,822.67,56.34,Supplier B,822.67,11245.67,558.67,106.34,439.76,92.98,21.74,4.19
20-10-2024,6126.67,72.67,Yes,1450.67,1510.67,31.67,758.67,2806.67,2124.67,122.67,137.34,Granted,1045.67,97,Manufacturing,Personal,logistics,828.67,57.34,Supplier E,828.67,11345.67,564.67,107.34,494,51.15,7.06,12.46
21-10-2024,6216.67,42.67,Yes,1454.67,1514.67,31.67,758.67,2822.67,2134.67,123.67,138.34,Granted,1052.67,98,Manufacturing,Personal,logistics,832.67,58.34,Supplier D,832.67,11445.67,570.67,108.34,541.52,4.62,11.13,13.4
22-10-2024,6306.67,12.67,Yes,1458.67,1518.67,31.67,758.67,2838.67,2144.67,124.67,139.34,Granted,1058.67,99,Manufacturing,Personal,logistics,838.67,59.34,Supplier D,838.67,11545.67,576.67,109.34,62.19,373.22,56.42,84.84
23-10-2024,6306.67,12.67,Yes,1458.67,1518.67,31.67,758.67,2838.67,2144.67,124.67,139.34,Granted,1058.67,99,Manufacturing,Personal,mobility_EV,838.67,59.34,Supplier E,838.67,11545.67,576.67,109.34,355.11,31.61,183.52,6.43
24-10-2024,6306.67,12.67,Yes,1458.67,1518.67,31.67,758.67,2838.67,2144.67,124.67,139.34,Granted,1058.67,99,Manufacturing,Personal,heating,838.67,59.34,Supplier F,838.67,11545.67,576.67,109.34,224.56,216.68,16.8,118.63
25-10-2024,6306.67,12.67,Yes,1458.67,1518.67,31.67,758.67,2838.67,2144.67,124.67,139.34,Granted,1058.67,99,Manufacturing,Personal,mobility_EV,838.67,59.34,Supplier C,838.67,11545.67,576.67,109.34,27.54,45.59,234.19,269.35
26-10-2024,6306.67,12.67,Yes,1458.67,1518.67,31.67,758.67,2838.67,2144.67,124.67,139.34,Granted,1058.67,99,Manufacturing,Personal,mobility_EV,838.67,59.34,Supplier D,838.67,11545.67,576.67,109.34,466.16,36.76,45.02,28.73
27-10-2024,6306.67,12.67,Yes,1458.67,1518.67,31.67,758.67,2838.67,2144.67,124.67,139.34,Granted,1058.67,99,Manufacturing,Personal,mobility_EV,838.67,59.34,Supplier C,838.67,11545.67,576.67,109.34,42.59,227.77,41.28,265.03
28-10-2024,6306.67,12.67,Yes,1458.67,1518.67,31.67,758.67,2838.67,2144.67,124.67,139.34,Granted,1058.67,99,Manufacturing,Personal,mobility_normal,838.67,59.34,Supplier D,838.67,11545.67,576.67,109.34,67.15,451.84,42.06,15.62
29-10-2024,6306.67,12.67,Yes,1458.67,1518.67,31.67,758.67,2838.67,2144.67,124.67,139.34,Granted,1058.67,99,Manufacturing,Personal,logistics,838.67,59.34,Supplier B,838.67,11545.67,576.67,109.34,294.01,41.44,185.17,56.05
30-10-2024,6306.67,12.67,Yes,1458.67,1518.67,31.67,758.67,2838.67,2144.67,124.67,139.34,Granted,1058.67,99,Manufacturing,Personal,electricity,838.67,59.34,Supplier A,838.67,11545.67,576.67,109.34,541.44,31.83,2.18,1.22
31-10-2024,6306.67,12.67,Yes,1458.67,1518.67,31.67,758.67,2838.67,2144.67,124.67,139.34,Granted,1058.67,99,Manufacturing,Personal,electricity,838.67,59.34,Supplier D,838.67,11545.67,576.67,109.34,354.15,134.03,58,30.49
01-11-2024,6306.67,12.67,Yes,1458.67,1518.67,31.67,758.67,2838.67,2144.67,124.67,139.34,Granted,1058.67,99,Manufacturing,Personal,heating,838.67,59.34,Supplier A,838.67,11545.67,576.67,109.34,114.48,273.62,119.46,69.11
02-11-2024,6306.67,12.67,Yes,1458.67,1518.67,31.67,758.67,2838.67,2144.67,124.67,139.34,Granted,1058.67,99,Manufacturing,Personal,mobility_EV,838.67,59.34,Supplier B,838.67,11545.67,576.67,109.34,58.74,422.64,89.47,5.82
03-11-2024,6306.67,12.67,Yes,1458.67,1518.67,31.67,758.67,2838.67,2144.67,124.67,139.34,Granted,1058.67,99,Manufacturing,Personal,logistics,838.67,59.34,Supplier B,838.67,11545.67,576.67,109.34,518.6,40.39,3.52,14.16
04-11-2024,6306.67,12.67,Yes,1458.67,1518.67,31.67,758.67,2838.67,2144.67,124.67,139.34,Granted,1058.67,99,Manufacturing,Personal,mobility_EV,838.67,59.34,Supplier C,838.67,11545.67,576.67,109.34,269.97,165.17,58.91,82.62
05-11-2024,6306.67,12.67,Yes,1458.67,1518.67,31.67,758.67,2838.67,2144.67,124.67,139.34,Granted,1058.67,99,Manufacturing,Personal,electricity,838.67,59.34,Supplier C,838.67,11545.67,576.67,109.34,221.87,27.83,211.33,115.64
06-11-2024,6306.67,12.67,Yes,1458.67,1518.67,31.67,758.67,2838.67,2144.67,124.67,139.34,Granted,1058.67,99,Manufacturing,Personal,electricity,838.67,59.34,Supplier B,838.67,11545.67,576.67,109.34,443.22,68.65,31.31,33.49
07-11-2024,6306.67,12.67,Yes,1458.67,1518.67,31.67,758.67,2838.67,2144.67,124.67,139.34,Granted,1058.67,99,Manufacturing,Personal,logistics,838.67,59.34,Supplier D,838.67,11545.67,576.67,109.34,107.14,215.13,145.93,108.47
08-11-2024,6306.67,12.67,Yes,1458.67,1518.67,31.67,758.67,2838.67,2144.67,124.67,139.34,Granted,1058.67,99,Manufacturing,Personal,other,838.67,59.34,Supplier C,838.67,11545.67,576.67,109.34,494.51,25.66,38.17,18.33
09-11-2024,6306.67,12.67,Yes,1458.67,1518.67,31.67,758.67,2838.67,2144.67,124.67,139.34,Granted,1058.67,99,Manufacturing,Personal,logistics,838.67,59.34,Supplier D,838.67,11545.67,576.67,109.34,432.5,1.35,100.13,42.69
10-11-2024,6306.67,12.67,Yes,1458.67,1518.67,31.67,758.67,2838.67,2144.67,124.67,139.34,Granted,1058.67,99,Manufacturing,Personal,mobility_normal,838.67,59.34,Supplier B,838.67,11545.67,576.67,109.34,525.41,8.61,32.04,10.61
11-11-2024,6100.42,48.23,Yes,1455.62,1517.88,32.47,759.2,2839.56,2146.17,125.83,140.19,Granted,1059.37,100,Manufacturing,Commercial,mobility_normal,841.92,60.18,Supplier D,841.92,11650.29,579.72,110.65,545.72,9.73,8.95,12.27
12-11-2024,6095.78,46.87,Yes,1454.27,1517.09,32.48,758.91,2839.23,2146.39,126.01,140.07,Granted,1059.19,100,Manufacturing,Residential,logistics,841.85,60.32,Supplier D,841.85,11645.65,579.51,110.73,282.02,111.14,108.87,74.64
13-11-2024,6088.53,45.69,Yes,1452.61,1516.31,32.49,758.62,2838.89,2146.61,126.19,139.94,Granted,1059.01,100,Manufacturing,Commercial,electricity,841.77,60.47,Supplier C,841.77,11638.4,579.29,110.82,524.61,45.92,0.06,6.08
14-11-2024,6094.17,44.92,Yes,1451.18,1515.53,32.5,758.34,2838.56,2146.83,126.37,139.82,Granted,1058.83,100,Manufacturing,Residential,heating,841.7,60.61,Supplier A,841.7,11644.04,579.08,110.9,297.89,273.8,5.22,2.81
15-11-2024,6086.91,43.75,Yes,1449.52,1514.74,32.51,758.05,2838.22,2147.05,126.55,139.69,Granted,1058.65,100,Manufacturing,Commercial,logistics,841.63,60.76,Supplier F,841.63,11636.78,578.86,110.98,475,14.12,11.13,79.26
16-11-2024,6089.66,42.58,Yes,1448.09,1513.96,32.52,757.77,2837.89,2147.27,126.73,139.57,Granted,1058.47,99,Manufacturing,Residential,mobility_normal,841.55,60.91,Supplier B,841.55,11639.53,578.65,111.07,295.56,130.85,59.58,93.3
18-11-2024,6088.04,40.63,Yes,1445,1512.39,32.54,757.2,2837.22,2147.71,127.09,139.32,Granted,1058.11,99,Manufacturing,Residential,electricity,841.4,61.2,Supplier B,841.4,11637.91,578.22,111.23,409.89,13.84,56.48,98.87
19-11-2024,6080.78,39.46,Yes,1443.34,1511.61,32.55,756.91,2836.88,2147.93,127.27,139.19,Granted,1057.93,99,Manufacturing,Commercial,logistics,841.33,61.35,Supplier B,841.33,11630.65,578,111.32,550.94,12.65,5.18,10.09
20-11-2024,6083.53,38.29,Yes,1441.91,1510.83,32.56,756.63,2836.55,2148.15,127.45,139.07,Granted,1057.75,99,Manufacturing,Residential,heating,841.25,61.49,Supplier B,841.25,11633.4,577.79,111.4,105.93,103.45,59.61,309.66
21-11-2024,6076.27,37.12,Yes,1440.25,1510.04,32.57,756.34,2836.21,2148.37,127.63,138.94,Granted,1057.57,99,Manufacturing,Commercial,heating,841.18,61.64,Supplier B,841.18,11626.14,577.57,111.48,559.87,16.2,0.82,1.33
22-11-2024,6081.91,36.35,Yes,1438.82,1509.26,32.58,756.06,2835.88,2148.59,127.81,138.82,Granted,1057.39,99,Manufacturing,Residential,mobility_EV,841.1,61.79,Supplier D,841.1,11631.78,577.36,111.57,144.09,236.1,95.28,102.53
23-11-2024,6074.65,35.18,Yes,1437.16,1508.47,32.59,755.77,2835.54,2148.81,127.99,138.69,Granted,1057.21,99,Manufacturing,Commercial,heating,841.03,61.93,Supplier B,841.03,11624.52,577.14,111.65,381.5,100.44,65.45,30.4
24-11-2024,6080.29,34.41,Yes,1435.73,1507.69,32.6,755.49,2835.21,2149.03,128.17,138.57,Granted,1057.03,99,Manufacturing,Residential,heating,840.95,62.08,Supplier B,840.95,11630.16,576.93,111.73,5.08,328.08,124.23,120.18
25-11-2024,6073.03,33.24,Yes,1434.07,1506.91,32.61,755.2,2834.87,2149.25,128.35,138.44,Granted,1056.85,99,Manufacturing,Commercial,logistics,840.88,62.23,Supplier C,840.88,11622.9,576.71,111.82,68.11,184.06,319.5,5.69
26-11-2024,6078.67,32.47,Yes,1432.64,1506.12,32.62,754.92,2834.54,2149.47,128.53,138.32,Granted,1056.67,99,Manufacturing,Residential,logistics,840.8,62.37,Supplier C,840.8,11628.54,576.5,111.9,571.47,3.73,0.03,1.91
27-11-2024,6071.42,31.3,Yes,1430.98,1505.34,32.63,754.63,2834.2,2149.69,128.71,138.19,Granted,1056.49,99,Manufacturing,Commercial,electricity,840.73,62.52,Supplier D,840.73,11621.29,576.28,111.98,165.03,406.28,3.52,2.1
28-11-2024,6077.06,30.53,Yes,1429.55,1504.56,32.64,754.35,2833.87,2149.91,128.89,138.07,Granted,1056.31,98,Manufacturing,Residential,logistics,840.65,62.67,Supplier B,840.65,11626.93,576.07,112.07,159.46,346.87,2.33,68.05
29-11-2024,6070.8,29.36,Yes,1427.89,1503.77,32.65,754.06,2833.53,2150.13,129.07,137.94,Granted,1056.13,98,Manufacturing,Commercial,heating,840.58,62.81,Supplier B,840.58,11620.67,575.85,112.15,175.45,242.06,138.67,20.32
30-11-2024,6076.44,28.59,Yes,1426.46,1502.99,32.66,753.78,2833.2,2150.35,129.25,137.82,Granted,1055.95,98,Manufacturing,Residential,logistics,840.5,62.96,Supplier C,840.5,11626.31,575.64,112.23,163.68,233.86,78.4,100.34
01-12-2024,6069.18,27.42,Yes,1424.8,1502.21,32.67,753.49,2832.86,2150.57,129.43,137.69,Granted,1055.77,98,Manufacturing,Commercial,heating,840.43,63.11,Supplier C,840.43,11619.05,575.42,112.32,210.11,343.21,18.36,4.39
02-12-2024,6074.82,26.65,Yes,1423.37,1501.42,32.68,753.21,2832.53,2150.79,129.61,137.57,Granted,1055.59,98,Manufacturing,Residential,logistics,840.35,63.25,Supplier C,840.35,11624.69,575.21,112.4,401.4,42.17,97.51,34.77
03-12-2024,6067.56,25.48,Yes,1421.71,1500.64,32.69,752.92,2832.19,2151.01,129.79,137.44,Granted,1055.41,98,Manufacturing,Commercial,heating,840.28,63.4,Supplier C,840.28,11617.43,574.99,112.48,199.32,254.07,101.1,21.15
04-12-2024,6073.2,24.71,Yes,1420.28,1499.86,32.7,752.64,2831.86,2151.23,129.97,137.32,Granted,1055.23,98,Manufacturing,Residential,logistics,840.2,63.55,Supplier D,840.2,11623.07,574.78,112.57,150.51,158.71,176.41,89.79
05-12-2024,6065.94,23.54,Yes,1418.62,1499.07,32.71,752.35,2831.52,2151.45,130.15,137.19,Granted,1055.05,98,Manufacturing,Commercial,logistics,840.13,63.69,Supplier B,840.13,11615.81,574.56,112.65,20.16,254.8,11.17,289.08
06-12-2024,6071.58,22.77,Yes,1417.19,1498.29,32.72,752.07,2831.19,2151.67,130.33,137.07,Granted,1054.87,98,Manufacturing,Residential,logistics,840.05,63.84,Supplier B,840.05,11621.45,574.35,112.73,382.34,59.09,14.37,119.19
07-12-2024,6064.32,21.6,Yes,1415.53,1497.51,32.73,751.78,2830.85,2151.89,130.51,136.94,Granted,1054.69,98,Manufacturing,Commercial,heating,839.98,63.99,Supplier B,839.98,11614.19,574.13,112.82,470.01,49.95,33.61,21.21
08-12-2024,6070.96,20.83,Yes,1414.1,1496.72,32.74,751.5,2830.52,2152.11,130.69,136.82,Granted,1054.51,98,Manufacturing,Residential,mobility_normal,839.9,64.13,Supplier D,839.9,11620.83,573.92,112.9,151.18,311.93,89.22,22.23
09-12-2024,6063.7,19.66,Yes,1412.44,1495.94,32.75,751.21,2830.18,2152.33,130.87,136.69,Granted,1054.33,98,Manufacturing,Commercial,mobility_EV,839.83,64.28,Supplier B,839.83,11613.57,573.7,112.98,425.59,93.56,29.4,25.8
10-12-2024,6069.34,18.89,Yes,1411.01,1495.16,32.76,750.93,2829.85,2152.55,131.05,136.57,Granted,1054.15,98,Manufacturing,Residential,electricity,839.75,64.43,Supplier C,839.75,11619.21,573.49,113.07,69.97,412.31,36.89,54.96
11-12-2024,6062.08,17.72,Yes,1409.35,1494.37,32.77,750.64,2829.51,2152.77,131.23,136.44,Granted,1053.97,97,Manufacturing,Commercial,electricity,839.68,64.57,Supplier C,839.68,11611.95,573.27,113.15,47.85,124.05,260.32,141.7
12-12-2024,6067.72,16.95,Yes,1407.92,1493.59,32.78,750.36,2829.18,2152.99,131.41,136.32,Granted,1053.79,97,Manufacturing,Residential,heating,839.6,64.72,Supplier B,839.6,11617.59,573.06,113.23,510.76,56.54,0.73,5.67
13-12-2024,6060.46,15.78,Yes,1406.26,1492.81,32.79,750.07,2828.84,2153.21,131.59,136.19,Granted,1053.61,97,Manufacturing,Commercial,heating,839.53,64.87,Supplier D,839.53,11610.33,572.84,113.32,136.9,428.62,7.03,0.94
14-12-2024,6066.1,15.01,Yes,1404.83,1492.02,32.8,749.79,2828.51,2153.43,131.77,136.07,Granted,1053.43,97,Manufacturing,Residential,electricity,839.45,65.01,Supplier B,839.45,11615.97,572.63,113.4,380.82,189.48,0.56,2.41
15-12-2024,6058.84,13.84,Yes,1403.17,1491.24,32.81,749.5,2828.17,2153.65,131.95,135.94,Granted,1053.25,97,Manufacturing,Commercial,heating,839.38,65.16,Supplier B,839.38,11608.71,572.41,113.48,529.57,33.88,1.56,8.05
16-12-2024,6064.48,13.07,Yes,1401.74,1490.46,32.82,749.22,2827.84,2153.87,132.13,135.82,Granted,1053.07,97,Manufacturing,Residential,logistics,839.3,65.31,Supplier B,839.3,11614.35,572.2,113.57,263.67,36.82,258.46,13.89
17-11-2024,6082.4,41.41,Yes,1446.43,1513.18,32.53,757.48,2837.55,2147.49,126.91,139.44,Granted,1058.29,99,Manufacturing,Commercial,heating,841.48,61.05,Supplier B,841.48,11632.27,578.43,111.15,271.47,154.93,53.81,92.42
17-12-2024,6057.22,11.9,Yes,1400.08,1489.67,32.83,748.93,2827.5,2154.09,132.31,135.69,Granted,1052.89,97,Manufacturing,Commercial,mobility_EV,839.23,65.45,Supplier A,839.23,11607.09,571.98,113.65,14.21,65.05,79.98,413.17
18-12-2024,6062.86,11.13,Yes,1398.65,1488.89,32.84,748.65,2827.17,2154.31,132.49,135.57,Granted,1052.71,97,Manufacturing,Residential,mobility_EV,839.15,65.6,Supplier B,839.15,11612.73,571.77,113.73,298.55,12.28,0.81,260.56
19-12-2024,6055.6,9.96,Yes,1397,1488.11,32.85,748.36,2826.83,2154.53,132.67,135.44,Granted,1052.53,97,Manufacturing,Commercial,heating,839.08,65.75,Supplier B,839.08,11605.47,571.55,113.82,438.27,129.27,7.18,3.71
20-12-2024,6061.24,9.19,Yes,1395.57,1487.32,32.86,748.08,2826.5,2154.75,132.85,135.32,Granted,1052.35,97,Manufacturing,Residential,logistics,839,65.89,Supplier C,839,11611.11,571.34,113.9,42.21,468.59,17.97,43.21
21-12-2024,6053.98,8.02,Yes,1393.91,1486.54,32.87,747.79,2826.16,2154.97,133.03,135.19,Granted,1052.17,97,Manufacturing,Commercial,logistics,838.93,66.04,Supplier B,838.93,11603.85,571.12,113.98,398.15,113.4,39.77,20.45
22-12-2024,6059.62,7.25,Yes,1392.48,1485.76,32.88,747.51,2825.83,2155.19,133.21,135.07,Granted,1051.99,97,Manufacturing,Residential,electricity,838.85,66.19,Supplier B,838.85,11609.49,570.91,114.07,55.05,121.95,338.54,56.01
23-12-2024,6052.36,6.08,Yes,1390.82,1484.97,32.89,747.22,2825.49,2155.41,133.39,134.94,Granted,1051.81,96,Manufacturing,Commercial,electricity,838.78,66.33,Supplier B,838.78,11602.23,570.69,114.15,266.98,29.29,110.26,164.81
24-12-2024,6058,5.31,Yes,1389.39,1484.19,32.9,746.94,2825.16,2155.63,133.57,134.82,Granted,1051.63,96,Manufacturing,Residential,heating,838.7,66.48,Supplier D,838.7,11607.87,570.48,114.23,19.24,231.49,287.58,32.81
25-12-2024,6050.74,4.14,Yes,1387.73,1483.41,32.91,746.65,2824.82,2155.85,133.75,134.69,Granted,1051.45,96,Manufacturing,Commercial,logistics,838.63,66.63,Supplier D,838.63,11600.61,570.26,114.32,555.39,4.44,6.55,4.53
26-12-2024,6056.38,3.37,Yes,1386.3,1482.62,32.92,746.37,2824.49,2156.07,133.93,134.57,Granted,1051.27,96,Manufacturing,Residential,heating,838.55,66.77,Supplier B,838.55,11606.25,570.05,114.4,275.45,87.97,116.86,90.41
27-12-2024,6049.12,2.2,Yes,1384.64,1481.84,32.93,746.08,2824.15,2156.29,134.11,134.44,Granted,1051.09,96,Manufacturing,Commercial,logistics,838.48,66.92,Supplier C,838.48,11598.99,569.83,114.48,92.73,137.23,85,255.52
28-12-2024,6054.76,1.43,Yes,1383.21,1481.06,32.94,745.8,2823.82,2156.51,134.29,134.32,Granted,1050.91,96,Manufacturing,Residential,mobility_normal,838.4,67.07,Supplier C,838.4,11604.63,569.62,114.57,453.58,109.01,4.77,2.9
29-12-2024,6047.5,0.26,Yes,1381.55,1480.27,32.95,745.51,2823.48,2156.73,134.47,134.19,Granted,1050.73,96,Manufacturing,Commercial,mobility_EV,838.33,67.21,Supplier B,838.33,11597.37,569.4,114.65,9.08,296.53,134.99,129.45
30-12-2024,6053.14,0,Yes,1380.12,1479.49,32.96,745.23,2823.15,2156.95,134.65,134.07,Granted,1050.55,96,Manufacturing,Residential,heating,838.25,67.36,Supplier B,838.25,11603.01,569.19,114.73,229.1,334.4,1.63,4.7
31-12-2024,6045.88,0,Yes,1378.46,1478.71,32.97,744.94,2822.81,2157.17,134.83,133.94,Granted,1050.37,96,Manufacturing,Commercial,heating,838.18,67.51,Supplier B,838.18,11595.75,568.97,114.82,341.05,121.77,29.13,77.67
01-01-2025,6051.52,0,Yes,1377.03,1477.92,32.98,744.66,2822.48,2157.39,135.01,133.82,Granted,1050.19,96,Manufacturing,Residential,mobility_EV,838.1,67.65,Supplier D,838.1,11601.39,568.76,114.9,338.22,41.67,148.3,41.21
02-01-2025,6044.26,0,Yes,1375.37,1477.14,32.99,744.37,2822.14,2157.61,135.19,133.69,Granted,1050.01,96,Manufacturing,Commercial,logistics,838.03,67.8,Supplier D,838.03,11594.13,568.54,114.98,556.74,0.25,9.05,3.15
03-01-2025,6049.9,0,Yes,1373.94,1476.36,33,744.09,2821.81,2157.83,135.37,133.57,Granted,1049.83,96,Manufacturing,Residential,heating,837.95,67.95,Supplier C,837.95,11600.77,568.33,115.07,335.3,92.8,121.99,18.88
04-01-2025,6042.64,0,Yes,1372.28,1475.57,33.01,743.8,2821.47,2158.05,135.55,133.44,Granted,1049.65,96,Manufacturing,Commercial,electricity,837.88,68.09,Supplier E,837.88,11593.51,568.11,115.15,262.68,165.83,28.3,111.95
05-01-2025,6048.28,0,Yes,1370.85,1474.79,33.02,743.52,2821.14,2158.27,135.73,133.32,Granted,1049.47,95,Manufacturing,Residential,heating,837.8,68.24,Supplier A,837.8,11599.15,567.9,115.23,38.95,97.95,255.34,176.3
06-01-2025,6041.02,0,Yes,1369.19,1474.01,33.03,743.23,2820.8,2158.49,135.91,133.19,Granted,1049.29,95,Manufacturing,Commercial,mobility_EV,837.73,68.39,Supplier D,837.73,11591.89,567.68,115.32,389.55,103.67,40.76,34.35
07-01-2025,6046.66,0,Yes,1367.76,1473.22,33.04,742.95,2820.47,2158.71,136.09,133.07,Granted,1049.11,95,Manufacturing,Residential,mobility_EV,837.65,68.53,Supplier E,837.65,11597.53,567.47,115.4,234.87,66.44,171.65,95.15
08-01-2025,6039.4,0,Yes,1366.1,1472.44,33.05,742.66,2820.13,2158.93,136.27,132.94,Granted,1048.93,95,Manufacturing,Commercial,electricity,837.58,68.68,Supplier A,837.58,11590.27,567.25,115.48,158.71,153.06,21.93,234.2
09-01-2025,6045.04,0,Yes,1364.67,1471.66,33.06,742.38,2819.8,2159.15,136.45,132.82,Granted,1048.75,95,Manufacturing,Residential,mobility_EV,837.5,68.83,Supplier C,837.5,11595.91,567.04,115.57,183.9,316.76,16.17,50.85
10-01-2025,6037.78,0,Yes,1363.01,1470.87,33.07,742.09,2819.46,2159.37,136.63,132.69,Granted,1048.57,95,Manufacturing,Commercial,heating,837.43,68.97,Supplier B,837.43,11588.65,566.82,115.65,293.24,236.02,7.96,30.25
11-01-2025,6043.42,0,Yes,1361.58,1470.09,33.08,741.81,2819.13,2159.59,136.81,132.57,Granted,1048.39,95,Manufacturing,Residential,heating,837.35,69.12,Supplier C,837.35,11594.29,566.61,115.73,105.57,263.15,171.85,26.68
12-01-2025,6036.16,0,Yes,1360.11,1469.31,33.09,741.52,2818.79,2159.81,136.99,132.44,Granted,1048.21,95,Manufacturing,Commercial,logistics,837.28,69.27,Supplier C,837.28,11587.03,566.39,115.82,15.43,77.96,302.52,171.13
13-01-2025,6041.8,0,Yes,1358.68,1468.52,33.1,741.24,2818.46,2160.03,137.17,132.32,Granted,1048.03,95,Manufacturing,Residential,heating,837.2,69.41,Supplier A,837.2,11592.67,566.18,115.9,532.76,5.98,1.2,26.88
14-01-2025,6034.54,0,Yes,1357.21,1467.74,33.11,740.95,2818.12,2160.25,137.35,132.19,Granted,1047.85,95,Manufacturing,Commercial,logistics,837.13,69.56,Supplier B,837.13,11585.41,565.96,115.98,299.76,79.19,101.07,86.59
15-01-2025,6040.18,0,Yes,1355.78,1466.96,33.12,740.67,2817.79,2160.47,137.53,132.07,Granted,1047.67,95,Manufacturing,Residential,mobility_EV,837.05,69.71,Supplier C,837.05,11591.05,565.75,116.07,411.94,136.55,1.43,16.47
16-01-2025,6032.92,0,Yes,1354.31,1466.17,33.13,740.38,2817.45,2160.69,137.71,131.94,Granted,1047.49,95,Manufacturing,Commercial,logistics,836.98,69.85,Supplier C,836.98,11583.79,565.53,116.15,129.52,38.45,89.26,308.95
17-01-2025,6038.56,0,Yes,1352.88,1465.39,33.14,740.1,2817.12,2160.91,137.89,131.82,Granted,1047.31,94,Manufacturing,Residential,logistics,836.9,70,Supplier D,836.9,11589.43,565.32,116.23,97.22,341.34,70.21,57.19
18-01-2025,6031.3,0,Yes,1351.41,1464.61,33.15,739.81,2816.78,2161.13,138.07,131.69,Granted,1047.13,94,Manufacturing,Commercial,mobility_EV,836.83,70.15,Supplier B,836.83,11582.17,565.1,116.32,562.62,1.22,0.22,1.69
19-01-2025,6036.94,0,Yes,1349.98,1463.82,33.16,739.53,2816.45,2161.35,138.25,131.57,Granted,1046.95,94,Manufacturing,Residential,electricity,836.75,70.29,Supplier B,836.75,11587.81,564.89,116.4,363.76,45.54,139.84,16.39
20-01-2025,6029.68,0,Yes,1348.51,1463.04,33.17,739.24,2816.11,2161.57,138.43,131.44,Granted,1046.77,94,Manufacturing,Commercial,heating,836.68,70.44,Supplier C,836.68,11580.55,564.67,116.48,82.31,91.26,373.84,17.91
21-01-2025,6035.32,0,Yes,1347.08,1462.26,33.18,738.96,2815.78,2161.79,138.61,131.32,Granted,1046.59,94,Manufacturing,Residential,mobility_normal,836.6,70.59,Supplier B,836.6,11586.19,564.46,116.57,528.38,32.74,3.65,0.33
22-01-2025,6028.06,0,Yes,1345.61,1461.47,33.19,738.67,2815.44,2162.01,138.79,131.19,Granted,1046.41,94,Manufacturing,Commercial,mobility_EV,836.53,70.73,Supplier D,836.53,11578.93,564.24,116.65,183.36,37.37,272.42,71.74
23-01-2025,6033.7,0,Yes,1344.18,1460.69,33.2,738.39,2815.11,2162.23,138.97,131.07,Granted,1046.23,94,Manufacturing,Residential,heating,836.45,70.88,Supplier D,836.45,11584.57,564.03,116.73,70.94,340.38,4.76,148.59
24-01-2025,6026.44,0,Yes,1342.71,1459.91,33.21,738.1,2814.77,2162.45,139.15,130.94,Granted,1046.05,94,Manufacturing,Commercial,logistics,836.38,71.03,Supplier E,836.38,11577.31,563.81,116.82,325.94,136.16,22.73,79.63
25-01-2025,6032.08,0,Yes,1341.28,1459.12,33.22,737.82,2814.44,2162.67,139.33,130.82,Granted,1045.87,94,Manufacturing,Residential,logistics,836.3,71.17,Supplier C,836.3,11582.95,563.6,116.9,466.42,5.73,47.2,44.89
18-01-2024,3406.67,812.67,No,952.67,1298.34,35.67,798.67,1992.67,2024.67,99.34,111.45,Pending,745.67,58,Healthcare,commercial,heating,589.34,18.34,Supplier A,589.34,7189.67,318.67,57.34,3.21,28.51,22.49,509.82
19-01-2024,3568.67,676.67,No,1012.67,1192.67,38.67,928.67,2202.67,1762.67,84.67,99.67,Pending,962.67,60,Healthcare,residential,mobility_EV,445.67,28.34,Supplier A,445.67,6543.67,240.67,48.34,542.91,16.17,0.29,4.44
20-01-2024,3306.67,910.67,Yes,1410.67,1246.67,33.34,767.67,2072.67,1846.67,91.67,106.89,Granted,832.67,63,Manufacturing,commercial,electricity,452.67,33.34,Supplier D,452.67,5567.67,207.67,47.34,513.78,29.98,15.58,4.26
21-01-2024,3112.67,942.67,Yes,1354.67,1304.67,30.67,743.67,2188.34,1726.67,83.78,98.34,Granted,852.67,65,Manufacturing,residential,heating,666.67,21.34,Supplier A,666.67,7845.67,350.67,70.67,209.94,18.62,79.07,11.04
22-01-2024,3278.67,888.67,Yes,1366.67,1310.67,32.34,758.67,2048.67,1862.67,91.45,107.45,Granted,838.67,63,Technology,commercial,mobility_normal,432.67,30.67,Supplier C,432.67,5567.67,216.67,52.67,73.45,49.4,113.84,3.98
26-01-2025,6024.82,0,Yes,1339.81,1458.34,33.23,737.53,2814.1,2162.89,139.51,130.69,Granted,1045.69,94,Manufacturing,Commercial,logistics,836.23,71.32,Supplier B,836.23,11575.69,563.38,116.98,179.62,2.12,24.31,1.62
27-01-2025,6030.46,0,Yes,1338.38,1457.56,33.24,737.25,2813.77,2163.11,139.69,130.57,Granted,1045.51,94,Manufacturing,Residential,logistics,836.15,71.47,Supplier B,836.15,11581.33,563.17,117.07,184.83,106.03,40.13,19.68
28-01-2025,6023.2,0,Yes,1336.91,1456.77,33.25,736.96,2813.43,2163.33,139.87,130.44,Granted,1045.33,94,Manufacturing,Commercial,heating,836.08,71.61,Supplier C,836.08,11574.07,562.95,117.15,56.73,59.78,4.66,95.5
29-01-2025,6028.84,0,Yes,1335.48,1455.99,33.26,736.68,2813.1,2163.55,140.05,130.32,Granted,1045.15,94,Manufacturing,Residential,electricity,836,71.76,Supplier A,836,11579.71,562.74,117.23,118.16,372.42,38.84,33.96
30-01-2025,6021.58,0,Yes,1334.01,1455.21,33.27,736.39,2812.76,2163.77,140.23,130.19,Granted,1044.97,93,Manufacturing,Commercial,heating,835.93,71.91,Supplier A,835.93,11572.45,562.52,117.32,526.63,28.67,7.41,0.46
31-01-2025,6027.22,0,Yes,1332.58,1454.42,33.28,736.11,2812.43,2163.99,140.41,130.07,Granted,1044.79,93,Manufacturing,Residential,electricity,835.85,72.05,Supplier C,835.85,11578.09,562.31,117.4,71.28,351.48,36.54,103.65
